{"cameraMode":{"drawMode":0,"name":"Shaded","section":"Shading Mode"},"sceneLighting":false,"audioPlay":false,"sceneViewState":{"m_AlwaysRefresh":false,"showFog":true,"showSkybox":false,"showFlares":true,"showImageEffects":true,"showParticleSystems":true,"showVisualEffectGraphs":true,"m_FxEnabled":true},"in2DMode":false,"pivot":{"x":-0.0030094385147094728,"y":-0.034453630447387698,"z":-0.036859989166259769},"rotation":{"x":0.17531916499137879,"y":0.4800015091896057,"z":-0.09855177998542786,"w":0.8539107441902161},"size":0.9995470643043518,"orthographic":false}