{"cameraMode":{"drawMode":0,"name":"Shaded","section":"Shading Mode"},"sceneLighting":true,"audioPlay":false,"sceneViewState":{"m_AlwaysRefresh":false,"showFog":true,"showSkybox":true,"showFlares":true,"showImageEffects":true,"showParticleSystems":true,"showVisualEffectGraphs":true,"m_FxEnabled":true},"in2DMode":false,"pivot":{"x":3.5201852321624758,"y":3.1446008682250978,"z":-4.772482872009277},"rotation":{"x":0.12162385880947113,"y":-0.12970440089702607,"z":0.01609257608652115,"w":0.9838815331459045},"size":2.4436583518981935,"orthographic":true}