{"cameraMode":{"drawMode":0,"name":"Shaded","section":"Shading Mode"},"sceneLighting":true,"audioPlay":false,"sceneViewState":{"m_AlwaysRefresh":false,"showFog":true,"showSkybox":false,"showFlares":true,"showImageEffects":true,"showParticleSystems":true,"showVisualEffectGraphs":true,"m_FxEnabled":true},"in2DMode":false,"pivot":{"x":24.863622665405275,"y":-0.23616790771484376,"z":-7.210412979125977},"rotation":{"x":-0.056992966681718829,"y":0.9113050103187561,"z":-0.13493093848228455,"w":-0.38483312726020815},"size":16.52212142944336,"orthographic":false}