{"cameraMode":{"drawMode":0,"name":"Shaded","section":"Shading Mode"},"sceneLighting":true,"audioPlay":false,"sceneViewState":{"m_AlwaysRefresh":false,"showFog":true,"showSkybox":false,"showFlares":true,"showImageEffects":true,"showParticleSystems":true,"showVisualEffectGraphs":true,"m_FxEnabled":true},"in2DMode":false,"pivot":{"x":1.4864749908447266,"y":0.5137572288513184,"z":1.6504173278808594},"rotation":{"x":0.09063395112752915,"y":0.36314404010772707,"z":-0.03552020341157913,"w":0.9266372323036194},"size":6.269771575927734,"orthographic":false}